step,time_s,velocity_relative_change,max_mach,mass_balance_relative,q0_nLs,q1_nLs,q2_nLs,q3_nLs
800,0.002,1,0.000652405438819,0.0322057005283,2.2327260206,0,0,0
1600,0.004,0.0159130333835,0.000639118118002,0.00196707687664,2.27052370245,0,0,0
2400,0.006,0.000785250898833,0.00063833901858,7.47476217457e-05,2.26810876939,0,0,0
3200,0.008,2.86355068189e-05,0.0006383645237,2.06787192038e-06,2.26819432203,0,0,0
4000,0.01,3.39507671147e-06,0.00063836383578,1.05800850987e-07,2.26819171242,0,0,0
4800,0.012,2.49499052655e-06,0.000638363855168,1.58020643944e-08,2.26819172101,0,0,0
5600,0.014,1.98294814503e-06,0.000638363862241,1.53940532818e-09,2.26819166107,0,0,0
6400,0.016,1.59994556951e-06,0.000638363869069,3.88745980213e-09,2.26819160521,0,0,0
7200,0.018,1.29616020929e-06,0.000638363875056,5.37464856058e-09,2.26819155646,0,0,0
8000,0.02,1.05107352366e-06,0.000638363880103,5.31472804671e-09,2.26819151542,0,0,0
8800,0.022,8.52486413144e-07,0.000638363884279,4.71915926443e-09,2.26819148149,0,0,0
9600,0.024,6.91430518934e-07,0.000638363887702,3.99944934322e-09,2.26819145369,0,0,0
10400,0.026,5.60801405035e-07,0.000638363890493,3.31340044108e-09,2.26819143103,0,0,0
11200,0.028,4.54857351687e-07,0.000638363892763,2.71260858499e-09,2.2681914126,0,0,0
12000,0.03,3.6893891307e-07,0.000638363894607,2.20593113735e-09,2.26819139763,0,0,0
12800,0.032,2.9926343978e-07,0.000638363896103,1.78674627049e-09,2.26819138548,0,0,0
13600,0.034,2.42761345852e-07,0.000638363897317,1.44378657849e-09,2.26819137563,0,0,0
14400,0.036,1.96942676059e-07,0.000638363898302,1.16341819559e-09,2.26819136763,0,0,0
15200,0.038,1.59787721855e-07,0.000638363899101,9.36024927476e-10,2.26819136115,0,0,0
16000,0.04,1.29658951004e-07,0.000638363899748,7.50870446312e-10,2.26819135589,0,0,0
16800,0.042,1.05228343542e-07,0.000638363900274,6.00537523487e-10,2.26819135163,0,0,0
17600,0.044,8.54192221846e-08,0.0006383639007,4.79069401283e-10,2.26819134817,0,0,0
18400,0.046,6.93585381083e-08,0.000638363901045,3.79883405636e-10,2.26819134536,0,0,0
19200,0.048,5.63383632289e-08,0.000638363901325,3.00118096296e-10,2.26819134309,0,0,0
20000,0.05,4.57847895153e-08,0.000638363901552,2.35113671096e-10,2.26819134125,0,0,0
20800,0.052,3.72325616856e-08,0.000638363901736,1.82150637436e-10,2.26819133975,0,0,0
21600,0.054,3.03043980415e-08,0.000638363901886,1.39614492571e-10,2.26819133854,0,0,0
22400,0.056,2.46943731777e-08,0.000638363902007,1.04987958227e-10,2.26819133755,0,0,0
23200,0.058,2.01544676547e-08,0.000638363902105,7.68657822055e-11,2.26819133676,0,0,0
24000,0.06,1.64837905879e-08,0.000638363902185,5.42015586798e-11,2.26819133611,0,0,0
24800,0.062,1.35190128723e-08,0.00063836390225,3.5624910533e-11,2.26819133558,0,0,0
25600,0.064,1.11279127618e-08,0.000638363902302,2.07727084821e-11,2.26819133516,0,0,0
26400,0.066,9.20317067329e-09,0.000638363902344,8.84374308918e-12,2.26819133482,0,0,0
27200,0.068,7.65664521848e-09,0.000638363902379,1.41825390339e-12,2.26819133454,0,0,0
28000,0.07,6.41826012147e-09,0.000638363902407,9.07394931678e-12,2.26819133431,0,0,0
